{"_name":"Post","_id":"7l9q45zqj94bku8m","_instance_of":"","_type":"cell","_label":"Post","_value":[{"_name":"title","_id":"7l9q45zqj94bl386","_instance_of":"","_type":"text","_label":"Text","_value":"","_path":[],"_default_value":null,"_can":{"_be_required":false,"_edit_value":true,"_edit":false,"_drag":false,"_delete":false,"_show":true},"_ngClass":"TextNode","_options":{"_use_textarea":false,"_additional_css_classes":""}}],"_path":[],"_default_value":null,"_can":{"_be_required":false,"_edit_value":true,"_edit":false,"_drag":false,"_delete":false,"_show":true},"_ngClass":"Cell","_options":{"_convert_array_to_keys":true,"_additional_css_classes":""},"_created_at":"1508771471638","_updated_at":"1508771949390"}