{"_name":"User Role","_id":"7l9q45zqj94bj9e1","_instance_of":"","_type":"cell","_label":"User Role","_value":[{"_name":"Permissions","_id":"7l9q45zqj94bkkhe","_instance_of":"","_type":"browser","_label":"Molecule Browser","_value":{"_type":"root","_id":"","_name":"root","_path_trace":[],"_selected":false,"_checked":true,"_branches":{"_all":true,"_include":[],"_exclude":[],"_value":[]}},"_path":[],"_default_value":[],"_can":{"_be_required":false,"_edit_value":true,"_edit":false,"_drag":false,"_delete":false,"_show":true},"_ngClass":"MoleculeBrowser","_options":{"_single_value":false,"_hide_instance_values":false,"_disable_top_level":false,"_output_branch_only":false,"_root":{"_options":{"single_value":false,"output_branch_only":false},"_ngComponentName":"MoleculeHierarchyTreeComponent","_value":{"_type":"root","_id":"","_name":"root","_path_trace":[],"_selected":false,"_checked":true,"_branches":{"_all":true,"_include":[],"_exclude":[],"_value":[]}}}}}],"_path":[],"_default_value":null,"_can":{"_be_required":false,"_edit_value":true,"_edit":false,"_drag":false,"_delete":false,"_show":true},"_ngClass":"Cell","_options":{"_convert_array_to_keys":true,"_additional_css_classes":""},"_created_at":"1508771397961","_updated_at":"1508771949392"}