{"_name":"Category","_id":"7l9q45zqj94btfwb","_instance_of":"7l9q45zqj94brr0w","_type":"instance","_label":"Category","_value":[{"_name":"name","_id":"7l9q45zqj94btfwc","_instance_of":"","_type":"text","_label":"Text","_value":"Restaurant","_path":[],"_default_value":null,"_can":{"_be_required":false,"_edit_value":true,"_edit":false,"_drag":false,"_delete":false,"_show":true},"_ngClass":"TextNode","_options":{"_use_textarea":false,"_additional_css_classes":""}}],"_path":[],"_default_value":null,"_can":{"_be_required":false,"_edit_value":true,"_edit":false,"_drag":false,"_delete":false,"_show":true},"_ngClass":"Cell","_options":{"_convert_array_to_keys":false,"_additional_css_classes":""},"_created_at":"1508771794064","_updated_at":"1508771949377","_generator":{"_name":"Categories","_id":"7l9q45zqj94bsbta","_instance_of":"","_type":"generator","_label":"Molecule Generator","_value":[{"_name":"Category","_id":"7l9q45zqj94bt4wc","_instance_of":"7l9q45zqj94brr0w","_type":"instance","_label":"Category","_value":[{"_name":"name","_id":"7l9q45zqj94bt4wd","_instance_of":"","_type":"text","_label":"Text","_value":"Venue","_path":[],"_default_value":null,"_can":{"_be_required":false,"_edit_value":true,"_edit":false,"_drag":false,"_delete":false,"_show":true},"_ngClass":"TextNode","_options":{"_use_textarea":false,"_additional_css_classes":""},"parser":{}}],"_path":[],"_default_value":null,"_can":{"_be_required":false,"_edit_value":true,"_edit":false,"_drag":false,"_delete":false,"_show":true},"_ngClass":"Cell","_options":{"_convert_array_to_keys":false,"_additional_css_classes":""},"_created_at":"1508771794064","_updated_at":"1508771858700","_generator":{"_name":"Categories","_id":"7l9q45zqj94bsbta","_instance_of":"","_type":"generator","_label":"Molecule Generator","_value":[],"_path":[],"_default_value":[],"_can":{"_be_required":false,"_edit_value":true,"_edit":false,"_drag":false,"_delete":false,"_show":true},"_ngClass":"MoleculeGenerator","_options":{"_molecule_types":{"_options":{"max":-1},"_ngComponentName":"MoleculeSelect","_value":[{"_name":"Category","_id":"","_instance_of":"7l9q45zqj94brr0w","_type":"cell","_label":"Category","_value":[{"_name":"name","_id":"","_instance_of":"","_type":"text","_label":"Text","_value":"","_path":[],"_default_value":null,"_can":{"_be_required":false,"_edit_value":true,"_edit":false,"_drag":false,"_delete":false,"_show":true},"_ngClass":"TextNode","_options":{"_use_textarea":false,"_additional_css_classes":""},"parser":{}}],"_path":[],"_default_value":null,"_can":{"_be_required":false,"_edit_value":true,"_edit":false,"_drag":false,"_delete":false,"_show":true},"_ngClass":"Cell","_options":{"_convert_array_to_keys":false,"_additional_css_classes":""},"_created_at":"1508771794064","_updated_at":"1508771805519","parser":{},"checked":true}]},"_use_only_childs":true,"_show_in_sidebar":true,"_layout":"","_columns":"","_title":"","_image":{"_options":{"_allow_videos":false,"_allow_images":true,"_allow_documents":false},"_ngComponentName":"FileNodeComponent","_value":""}},"_created_at":"1508771821006","_updated_at":"1508771829845","parser":{}},"parser":{}},{"_name":"Category","_id":"7l9q45zqj94btb9z","_instance_of":"7l9q45zqj94brr0w","_type":"instance","_label":"Category","_value":[{"_name":"name","_id":"7l9q45zqj94btba0","_instance_of":"","_type":"text","_label":"Text","_value":"Nightclub","_path":[],"_default_value":null,"_can":{"_be_required":false,"_edit_value":true,"_edit":false,"_drag":false,"_delete":false,"_show":true},"_ngClass":"TextNode","_options":{"_use_textarea":false,"_additional_css_classes":""},"parser":{}}],"_path":[],"_default_value":null,"_can":{"_be_required":false,"_edit_value":true,"_edit":false,"_drag":false,"_delete":false,"_show":true},"_ngClass":"Cell","_options":{"_convert_array_to_keys":false,"_additional_css_classes":""},"_created_at":"1508771794064","_updated_at":"1508771866968","_generator":{"_name":"Categories","_id":"7l9q45zqj94bsbta","_instance_of":"","_type":"generator","_label":"Molecule Generator","_value":[{"_name":"Category","_id":"7l9q45zqj94bt4wc","_instance_of":"7l9q45zqj94brr0w","_type":"instance","_label":"Category","_value":[{"_name":"name","_id":"7l9q45zqj94bt4wd","_instance_of":"","_type":"text","_label":"Text","_value":"Venue","_path":[],"_default_value":null,"_can":{"_be_required":false,"_edit_value":true,"_edit":false,"_drag":false,"_delete":false,"_show":true},"_ngClass":"TextNode","_options":{"_use_textarea":false,"_additional_css_classes":""},"parser":{}}],"_path":[],"_default_value":null,"_can":{"_be_required":false,"_edit_value":true,"_edit":false,"_drag":false,"_delete":false,"_show":true},"_ngClass":"Cell","_options":{"_convert_array_to_keys":false,"_additional_css_classes":""},"_created_at":"1508771794064","_updated_at":"1508771858700","_generator":{"_name":"Categories","_id":"7l9q45zqj94bsbta","_instance_of":"","_type":"generator","_label":"Molecule Generator","_value":[],"_path":[],"_default_value":[],"_can":{"_be_required":false,"_edit_value":true,"_edit":false,"_drag":false,"_delete":false,"_show":true},"_ngClass":"MoleculeGenerator","_options":{"_molecule_types":{"_options":{"max":-1},"_ngComponentName":"MoleculeSelect","_value":[{"_name":"Category","_id":"","_instance_of":"7l9q45zqj94brr0w","_type":"cell","_label":"Category","_value":[{"_name":"name","_id":"","_instance_of":"","_type":"text","_label":"Text","_value":"","_path":[],"_default_value":null,"_can":{"_be_required":false,"_edit_value":true,"_edit":false,"_drag":false,"_delete":false,"_show":true},"_ngClass":"TextNode","_options":{"_use_textarea":false,"_additional_css_classes":""},"parser":{}}],"_path":[],"_default_value":null,"_can":{"_be_required":false,"_edit_value":true,"_edit":false,"_drag":false,"_delete":false,"_show":true},"_ngClass":"Cell","_options":{"_convert_array_to_keys":false,"_additional_css_classes":""},"_created_at":"1508771794064","_updated_at":"1508771805519","parser":{},"checked":true}]},"_use_only_childs":true,"_show_in_sidebar":true,"_layout":"","_columns":"","_title":"","_image":{"_options":{"_allow_videos":false,"_allow_images":true,"_allow_documents":false},"_ngComponentName":"FileNodeComponent","_value":""}},"_created_at":"1508771821006","_updated_at":"1508771829845","parser":{}},"parser":{}}],"_path":[],"_default_value":[],"_can":{"_be_required":false,"_edit_value":true,"_edit":false,"_drag":false,"_delete":false,"_show":true},"_ngClass":"MoleculeGenerator","_options":{"_molecule_types":{"_options":{"max":-1},"_ngComponentName":"MoleculeSelect","_value":[{"_name":"Category","_id":"","_instance_of":"7l9q45zqj94brr0w","_type":"cell","_label":"Category","_value":[{"_name":"name","_id":"","_instance_of":"","_type":"text","_label":"Text","_value":"","_path":[],"_default_value":null,"_can":{"_be_required":false,"_edit_value":true,"_edit":false,"_drag":false,"_delete":false,"_show":true},"_ngClass":"TextNode","_options":{"_use_textarea":false,"_additional_css_classes":""},"parser":{}}],"_path":[],"_default_value":null,"_can":{"_be_required":false,"_edit_value":true,"_edit":false,"_drag":false,"_delete":false,"_show":true},"_ngClass":"Cell","_options":{"_convert_array_to_keys":false,"_additional_css_classes":""},"_created_at":"1508771794064","_updated_at":"1508771805519","parser":{},"checked":true}]},"_use_only_childs":true,"_show_in_sidebar":true,"_layout":"","_columns":"","_title":"","_image":{"_options":{"_allow_videos":false,"_allow_images":true,"_allow_documents":false},"_ngComponentName":"FileNodeComponent","_value":""}},"_created_at":"1508771821006","_updated_at":"1508771858709","parser":{}},"parser":{}}],"_path":[],"_default_value":[],"_can":{"_be_required":false,"_edit_value":true,"_edit":false,"_drag":false,"_delete":false,"_show":true},"_ngClass":"MoleculeGenerator","_options":{"_molecule_types":{"_options":{"max":-1},"_ngComponentName":"MoleculeSelect","_value":[{"_name":"Category","_id":"","_instance_of":"7l9q45zqj94brr0w","_type":"cell","_label":"Category","_value":[{"_name":"name","_id":"","_instance_of":"","_type":"text","_label":"Text","_value":"","_path":[],"_default_value":null,"_can":{"_be_required":false,"_edit_value":true,"_edit":false,"_drag":false,"_delete":false,"_show":true},"_ngClass":"TextNode","_options":{"_use_textarea":false,"_additional_css_classes":""},"parser":{}}],"_path":[],"_default_value":null,"_can":{"_be_required":false,"_edit_value":true,"_edit":false,"_drag":false,"_delete":false,"_show":true},"_ngClass":"Cell","_options":{"_convert_array_to_keys":false,"_additional_css_classes":""},"_created_at":"1508771794064","_updated_at":"1508771805519","parser":{},"checked":true}]},"_use_only_childs":true,"_show_in_sidebar":true,"_layout":"","_columns":"","_title":"","_image":{"_options":{"_allow_videos":false,"_allow_images":true,"_allow_documents":false},"_ngComponentName":"FileNodeComponent","_value":""}},"_created_at":"1508771821006","_updated_at":"1508771866978","parser":{}}}