{"_name":"Page","_id":"7l9q45zqj94bydof","_instance_of":"7l9q45zqj94butfp","_type":"instance","_label":"Page","_value":[{"_name":"title","_id":"7l9q45zqj94bydog","_instance_of":"","_type":"text","_label":"Text","_value":"Blog","_path":[],"_default_value":null,"_can":{"_be_required":false,"_edit_value":true,"_edit":false,"_drag":false,"_delete":false,"_show":true},"_ngClass":"TextNode","_options":{"_use_textarea":false,"_additional_css_classes":""}}],"_path":[],"_default_value":null,"_can":{"_be_required":false,"_edit_value":true,"_edit":false,"_drag":false,"_delete":false,"_show":true},"_ngClass":"Cell","_options":{"_convert_array_to_keys":true,"_additional_css_classes":""},"_created_at":"1508771937157","_updated_at":"1508772103360","_generator":{"_name":"Site","_id":"7l9q45zqj94bwqsa","_instance_of":"7l9q45zqj94bvhpt","_type":"instance","_label":"Molecule Generator","_value":[{"_name":"Page","_id":"7l9q45zqj94by3uz","_instance_of":"7l9q45zqj94butfp","_type":"instance","_label":"Page","_value":[{"_name":"title","_id":"7l9q45zqj94by3v0","_instance_of":"","_type":"text","_label":"Text","_value":"Home","_path":[],"_default_value":null,"_can":{"_be_required":false,"_edit_value":true,"_edit":false,"_drag":false,"_delete":false,"_show":true},"_ngClass":"TextNode","_options":{"_use_textarea":false,"_additional_css_classes":""},"parser":{}}],"_path":[],"_default_value":null,"_can":{"_be_required":false,"_edit_value":true,"_edit":false,"_drag":false,"_delete":false,"_show":true},"_ngClass":"Cell","_options":{"_convert_array_to_keys":true,"_additional_css_classes":""},"_created_at":"1508771937157","_updated_at":"1508772090635","_generator":{"_name":"Site","_id":"7l9q45zqj94bwqsa","_instance_of":"7l9q45zqj94bvhpt","_type":"instance","_label":"Molecule Generator","_value":[],"_path":[],"_default_value":[],"_can":{"_be_required":false,"_edit_value":true,"_edit":false,"_drag":false,"_delete":false,"_show":true},"_ngClass":"MoleculeGenerator","_options":{"_molecule_types":{"_options":{"max":-1},"_ngComponentName":"MoleculeSelect","_value":[{"_name":"Page","_id":"","_instance_of":"7l9q45zqj94butfp","_type":"cell","_label":"Page","_value":[{"_name":"title","_id":"","_instance_of":"","_type":"text","_label":"Text","_value":"","_path":[],"_default_value":null,"_can":{"_be_required":false,"_edit_value":true,"_edit":false,"_drag":false,"_delete":false,"_show":true},"_ngClass":"TextNode","_options":{"_use_textarea":false,"_additional_css_classes":""},"parser":{}}],"_path":[],"_default_value":null,"_can":{"_be_required":false,"_edit_value":true,"_edit":false,"_drag":false,"_delete":false,"_show":true},"_ngClass":"Cell","_options":{"_convert_array_to_keys":true,"_additional_css_classes":""},"_created_at":"1508771937157","_updated_at":"1508771949353","parser":{},"checked":true}]},"_use_only_childs":true,"_show_in_sidebar":false,"_layout":"","_columns":"[{\"label\":\"Title\",\"path\":[\"_value\",{\"find\":\"_value\",\"in\":{\"_name\":\"title\"}}]}]","_title":"Hakkasan Group","_image":{"_options":{"_allow_videos":false,"_allow_images":true,"_allow_documents":false},"_ngComponentName":"FileNodeComponent","_value":"//s3-us-west-1.amazonaws.com/assets.portaldriver.com/hakkasangroup-com/aa1f1a8a1d4cfc5fde13207230066778.jpg"}},"_created_at":"1508771968625","_updated_at":"1508772027034","_generator":{"_name":"Sites","_id":"7l9q45zqj94bw7w5","_instance_of":"","_type":"generator","_label":"Molecule Generator","_value":[],"_path":[],"_default_value":[],"_can":{"_be_required":false,"_edit_value":true,"_edit":false,"_drag":false,"_delete":false,"_show":true},"_ngClass":"MoleculeGenerator","_options":{"_molecule_types":{"_options":{"max":-1},"_ngComponentName":"MoleculeSelect","_value":[{"_name":"Site","_id":"","_instance_of":"7l9q45zqj94bvhpt","_type":"generator","_label":"Molecule Generator","_value":[],"_path":[],"_default_value":[],"_can":{"_be_required":false,"_edit_value":true,"_edit":false,"_drag":false,"_delete":false,"_show":true},"_ngClass":"MoleculeGenerator","_options":{"_molecule_types":{"_options":{"max":-1},"_ngComponentName":"MoleculeSelect","_value":[{"_name":"Page","_id":"","_instance_of":"7l9q45zqj94butfp","_type":"cell","_label":"Page","_value":[{"_name":"title","_id":"","_instance_of":"","_type":"text","_label":"Text","_value":"","_path":[],"_default_value":null,"_can":{"_be_required":false,"_edit_value":true,"_edit":false,"_drag":false,"_delete":false,"_show":true},"_ngClass":"TextNode","_options":{"_use_textarea":false,"_additional_css_classes":""},"parser":{}}],"_path":[],"_default_value":null,"_can":{"_be_required":false,"_edit_value":true,"_edit":false,"_drag":false,"_delete":false,"_show":true},"_ngClass":"Cell","_options":{"_convert_array_to_keys":true,"_additional_css_classes":""},"_created_at":"1508771937157","_updated_at":"1508771949353","parser":{},"checked":true}]},"_use_only_childs":true,"_show_in_sidebar":false,"_layout":"","_columns":"[{\"label\":\"Title\",\"path\":[\"_value\",{\"find\":\"_value\",\"in\":{\"_name\":\"title\"}}]}]","_title":"","_image":{"_options":{"_allow_videos":false,"_allow_images":true,"_allow_documents":false},"_ngComponentName":"FileNodeComponent","_value":""}},"_created_at":"1508771968625","_updated_at":"1508771968625","parser":{},"checked":true}]},"_use_only_childs":true,"_show_in_sidebar":true,"_layout":"Cards - Horizontal","_columns":"","_title":"","_image":{"_options":{"_allow_videos":false,"_allow_images":true,"_allow_documents":false},"_ngComponentName":"FileNodeComponent","_value":""}},"_created_at":"1508772002549","_updated_at":"1508772002549","parser":{}},"parser":{}},"parser":{}},{"_name":"Page","_id":"7l9q45zqj94by8yw","_instance_of":"7l9q45zqj94butfp","_type":"instance","_label":"Page","_value":[{"_name":"title","_id":"7l9q45zqj94by8yx","_instance_of":"","_type":"text","_label":"Text","_value":"About","_path":[],"_default_value":null,"_can":{"_be_required":false,"_edit_value":true,"_edit":false,"_drag":false,"_delete":false,"_show":true},"_ngClass":"TextNode","_options":{"_use_textarea":false,"_additional_css_classes":""},"parser":{}}],"_path":[],"_default_value":null,"_can":{"_be_required":false,"_edit_value":true,"_edit":false,"_drag":false,"_delete":false,"_show":true},"_ngClass":"Cell","_options":{"_convert_array_to_keys":true,"_additional_css_classes":""},"_created_at":"1508771937157","_updated_at":"1508772097256","_generator":{"_name":"Site","_id":"7l9q45zqj94bwqsa","_instance_of":"7l9q45zqj94bvhpt","_type":"instance","_label":"Molecule Generator","_value":[{"_name":"Page","_id":"7l9q45zqj94by3uz","_instance_of":"7l9q45zqj94butfp","_type":"instance","_label":"Page","_value":[{"_name":"title","_id":"7l9q45zqj94by3v0","_instance_of":"","_type":"text","_label":"Text","_value":"Home","_path":[],"_default_value":null,"_can":{"_be_required":false,"_edit_value":true,"_edit":false,"_drag":false,"_delete":false,"_show":true},"_ngClass":"TextNode","_options":{"_use_textarea":false,"_additional_css_classes":""},"parser":{}}],"_path":[],"_default_value":null,"_can":{"_be_required":false,"_edit_value":true,"_edit":false,"_drag":false,"_delete":false,"_show":true},"_ngClass":"Cell","_options":{"_convert_array_to_keys":true,"_additional_css_classes":""},"_created_at":"1508771937157","_updated_at":"1508772090635","_generator":{"_name":"Site","_id":"7l9q45zqj94bwqsa","_instance_of":"7l9q45zqj94bvhpt","_type":"instance","_label":"Molecule Generator","_value":[],"_path":[],"_default_value":[],"_can":{"_be_required":false,"_edit_value":true,"_edit":false,"_drag":false,"_delete":false,"_show":true},"_ngClass":"MoleculeGenerator","_options":{"_molecule_types":{"_options":{"max":-1},"_ngComponentName":"MoleculeSelect","_value":[{"_name":"Page","_id":"","_instance_of":"7l9q45zqj94butfp","_type":"cell","_label":"Page","_value":[{"_name":"title","_id":"","_instance_of":"","_type":"text","_label":"Text","_value":"","_path":[],"_default_value":null,"_can":{"_be_required":false,"_edit_value":true,"_edit":false,"_drag":false,"_delete":false,"_show":true},"_ngClass":"TextNode","_options":{"_use_textarea":false,"_additional_css_classes":""},"parser":{}}],"_path":[],"_default_value":null,"_can":{"_be_required":false,"_edit_value":true,"_edit":false,"_drag":false,"_delete":false,"_show":true},"_ngClass":"Cell","_options":{"_convert_array_to_keys":true,"_additional_css_classes":""},"_created_at":"1508771937157","_updated_at":"1508771949353","parser":{},"checked":true}]},"_use_only_childs":true,"_show_in_sidebar":false,"_layout":"","_columns":"[{\"label\":\"Title\",\"path\":[\"_value\",{\"find\":\"_value\",\"in\":{\"_name\":\"title\"}}]}]","_title":"Hakkasan Group","_image":{"_options":{"_allow_videos":false,"_allow_images":true,"_allow_documents":false},"_ngComponentName":"FileNodeComponent","_value":"//s3-us-west-1.amazonaws.com/assets.portaldriver.com/hakkasangroup-com/aa1f1a8a1d4cfc5fde13207230066778.jpg"}},"_created_at":"1508771968625","_updated_at":"1508772027034","_generator":{"_name":"Sites","_id":"7l9q45zqj94bw7w5","_instance_of":"","_type":"generator","_label":"Molecule Generator","_value":[],"_path":[],"_default_value":[],"_can":{"_be_required":false,"_edit_value":true,"_edit":false,"_drag":false,"_delete":false,"_show":true},"_ngClass":"MoleculeGenerator","_options":{"_molecule_types":{"_options":{"max":-1},"_ngComponentName":"MoleculeSelect","_value":[{"_name":"Site","_id":"","_instance_of":"7l9q45zqj94bvhpt","_type":"generator","_label":"Molecule Generator","_value":[],"_path":[],"_default_value":[],"_can":{"_be_required":false,"_edit_value":true,"_edit":false,"_drag":false,"_delete":false,"_show":true},"_ngClass":"MoleculeGenerator","_options":{"_molecule_types":{"_options":{"max":-1},"_ngComponentName":"MoleculeSelect","_value":[{"_name":"Page","_id":"","_instance_of":"7l9q45zqj94butfp","_type":"cell","_label":"Page","_value":[{"_name":"title","_id":"","_instance_of":"","_type":"text","_label":"Text","_value":"","_path":[],"_default_value":null,"_can":{"_be_required":false,"_edit_value":true,"_edit":false,"_drag":false,"_delete":false,"_show":true},"_ngClass":"TextNode","_options":{"_use_textarea":false,"_additional_css_classes":""},"parser":{}}],"_path":[],"_default_value":null,"_can":{"_be_required":false,"_edit_value":true,"_edit":false,"_drag":false,"_delete":false,"_show":true},"_ngClass":"Cell","_options":{"_convert_array_to_keys":true,"_additional_css_classes":""},"_created_at":"1508771937157","_updated_at":"1508771949353","parser":{},"checked":true}]},"_use_only_childs":true,"_show_in_sidebar":false,"_layout":"","_columns":"[{\"label\":\"Title\",\"path\":[\"_value\",{\"find\":\"_value\",\"in\":{\"_name\":\"title\"}}]}]","_title":"","_image":{"_options":{"_allow_videos":false,"_allow_images":true,"_allow_documents":false},"_ngComponentName":"FileNodeComponent","_value":""}},"_created_at":"1508771968625","_updated_at":"1508771968625","parser":{},"checked":true}]},"_use_only_childs":true,"_show_in_sidebar":true,"_layout":"Cards - Horizontal","_columns":"","_title":"","_image":{"_options":{"_allow_videos":false,"_allow_images":true,"_allow_documents":false},"_ngComponentName":"FileNodeComponent","_value":""}},"_created_at":"1508772002549","_updated_at":"1508772002549","parser":{}},"parser":{}},"parser":{}}],"_path":[],"_default_value":[],"_can":{"_be_required":false,"_edit_value":true,"_edit":false,"_drag":false,"_delete":false,"_show":true},"_ngClass":"MoleculeGenerator","_options":{"_molecule_types":{"_options":{"max":-1},"_ngComponentName":"MoleculeSelect","_value":[{"_name":"Page","_id":"","_instance_of":"7l9q45zqj94butfp","_type":"cell","_label":"Page","_value":[{"_name":"title","_id":"","_instance_of":"","_type":"text","_label":"Text","_value":"","_path":[],"_default_value":null,"_can":{"_be_required":false,"_edit_value":true,"_edit":false,"_drag":false,"_delete":false,"_show":true},"_ngClass":"TextNode","_options":{"_use_textarea":false,"_additional_css_classes":""},"parser":{}}],"_path":[],"_default_value":null,"_can":{"_be_required":false,"_edit_value":true,"_edit":false,"_drag":false,"_delete":false,"_show":true},"_ngClass":"Cell","_options":{"_convert_array_to_keys":true,"_additional_css_classes":""},"_created_at":"1508771937157","_updated_at":"1508771949353","parser":{},"checked":true}]},"_use_only_childs":true,"_show_in_sidebar":false,"_layout":"","_columns":"[{\"label\":\"Title\",\"path\":[\"_value\",{\"find\":\"_value\",\"in\":{\"_name\":\"title\"}}]}]","_title":"Hakkasan Group","_image":{"_options":{"_allow_videos":false,"_allow_images":true,"_allow_documents":false},"_ngComponentName":"FileNodeComponent","_value":"//s3-us-west-1.amazonaws.com/assets.portaldriver.com/hakkasangroup-com/aa1f1a8a1d4cfc5fde13207230066778.jpg"}},"_created_at":"1508771968625","_updated_at":"1508772090637","_generator":{"_name":"Sites","_id":"7l9q45zqj94bw7w5","_instance_of":"","_type":"generator","_label":"Molecule Generator","_value":[],"_path":[],"_default_value":[],"_can":{"_be_required":false,"_edit_value":true,"_edit":false,"_drag":false,"_delete":false,"_show":true},"_ngClass":"MoleculeGenerator","_options":{"_molecule_types":{"_options":{"max":-1},"_ngComponentName":"MoleculeSelect","_value":[{"_name":"Site","_id":"","_instance_of":"7l9q45zqj94bvhpt","_type":"generator","_label":"Molecule Generator","_value":[],"_path":[],"_default_value":[],"_can":{"_be_required":false,"_edit_value":true,"_edit":false,"_drag":false,"_delete":false,"_show":true},"_ngClass":"MoleculeGenerator","_options":{"_molecule_types":{"_options":{"max":-1},"_ngComponentName":"MoleculeSelect","_value":[{"_name":"Page","_id":"","_instance_of":"7l9q45zqj94butfp","_type":"cell","_label":"Page","_value":[{"_name":"title","_id":"","_instance_of":"","_type":"text","_label":"Text","_value":"","_path":[],"_default_value":null,"_can":{"_be_required":false,"_edit_value":true,"_edit":false,"_drag":false,"_delete":false,"_show":true},"_ngClass":"TextNode","_options":{"_use_textarea":false,"_additional_css_classes":""},"parser":{}}],"_path":[],"_default_value":null,"_can":{"_be_required":false,"_edit_value":true,"_edit":false,"_drag":false,"_delete":false,"_show":true},"_ngClass":"Cell","_options":{"_convert_array_to_keys":true,"_additional_css_classes":""},"_created_at":"1508771937157","_updated_at":"1508771949353","parser":{},"checked":true}]},"_use_only_childs":true,"_show_in_sidebar":false,"_layout":"","_columns":"[{\"label\":\"Title\",\"path\":[\"_value\",{\"find\":\"_value\",\"in\":{\"_name\":\"title\"}}]}]","_title":"","_image":{"_options":{"_allow_videos":false,"_allow_images":true,"_allow_documents":false},"_ngComponentName":"FileNodeComponent","_value":""}},"_created_at":"1508771968625","_updated_at":"1508771968625","parser":{},"checked":true}]},"_use_only_childs":true,"_show_in_sidebar":true,"_layout":"Cards - Horizontal","_columns":"","_title":"","_image":{"_options":{"_allow_videos":false,"_allow_images":true,"_allow_documents":false},"_ngComponentName":"FileNodeComponent","_value":""}},"_created_at":"1508772002549","_updated_at":"1508772002549","parser":{}},"parser":{}},"parser":{}}],"_path":[],"_default_value":[],"_can":{"_be_required":false,"_edit_value":true,"_edit":false,"_drag":false,"_delete":false,"_show":true},"_ngClass":"MoleculeGenerator","_options":{"_molecule_types":{"_options":{"max":-1},"_ngComponentName":"MoleculeSelect","_value":[{"_name":"Page","_id":"","_instance_of":"7l9q45zqj94butfp","_type":"cell","_label":"Page","_value":[{"_name":"title","_id":"","_instance_of":"","_type":"text","_label":"Text","_value":"","_path":[],"_default_value":null,"_can":{"_be_required":false,"_edit_value":true,"_edit":false,"_drag":false,"_delete":false,"_show":true},"_ngClass":"TextNode","_options":{"_use_textarea":false,"_additional_css_classes":""},"parser":{}}],"_path":[],"_default_value":null,"_can":{"_be_required":false,"_edit_value":true,"_edit":false,"_drag":false,"_delete":false,"_show":true},"_ngClass":"Cell","_options":{"_convert_array_to_keys":true,"_additional_css_classes":""},"_created_at":"1508771937157","_updated_at":"1508771949353","parser":{},"checked":true}]},"_use_only_childs":true,"_show_in_sidebar":false,"_layout":"","_columns":"[{\"label\":\"Title\",\"path\":[\"_value\",{\"find\":\"_value\",\"in\":{\"_name\":\"title\"}}]}]","_title":"Hakkasan Group","_image":{"_options":{"_allow_videos":false,"_allow_images":true,"_allow_documents":false},"_ngComponentName":"FileNodeComponent","_value":"//s3-us-west-1.amazonaws.com/assets.portaldriver.com/hakkasangroup-com/aa1f1a8a1d4cfc5fde13207230066778.jpg"}},"_created_at":"1508771968625","_updated_at":"1508772097260","_generator":{"_name":"Sites","_id":"7l9q45zqj94bw7w5","_instance_of":"","_type":"generator","_label":"Molecule Generator","_value":[],"_path":[],"_default_value":[],"_can":{"_be_required":false,"_edit_value":true,"_edit":false,"_drag":false,"_delete":false,"_show":true},"_ngClass":"MoleculeGenerator","_options":{"_molecule_types":{"_options":{"max":-1},"_ngComponentName":"MoleculeSelect","_value":[{"_name":"Site","_id":"","_instance_of":"7l9q45zqj94bvhpt","_type":"generator","_label":"Molecule Generator","_value":[],"_path":[],"_default_value":[],"_can":{"_be_required":false,"_edit_value":true,"_edit":false,"_drag":false,"_delete":false,"_show":true},"_ngClass":"MoleculeGenerator","_options":{"_molecule_types":{"_options":{"max":-1},"_ngComponentName":"MoleculeSelect","_value":[{"_name":"Page","_id":"","_instance_of":"7l9q45zqj94butfp","_type":"cell","_label":"Page","_value":[{"_name":"title","_id":"","_instance_of":"","_type":"text","_label":"Text","_value":"","_path":[],"_default_value":null,"_can":{"_be_required":false,"_edit_value":true,"_edit":false,"_drag":false,"_delete":false,"_show":true},"_ngClass":"TextNode","_options":{"_use_textarea":false,"_additional_css_classes":""},"parser":{}}],"_path":[],"_default_value":null,"_can":{"_be_required":false,"_edit_value":true,"_edit":false,"_drag":false,"_delete":false,"_show":true},"_ngClass":"Cell","_options":{"_convert_array_to_keys":true,"_additional_css_classes":""},"_created_at":"1508771937157","_updated_at":"1508771949353","parser":{},"checked":true}]},"_use_only_childs":true,"_show_in_sidebar":false,"_layout":"","_columns":"[{\"label\":\"Title\",\"path\":[\"_value\",{\"find\":\"_value\",\"in\":{\"_name\":\"title\"}}]}]","_title":"","_image":{"_options":{"_allow_videos":false,"_allow_images":true,"_allow_documents":false},"_ngComponentName":"FileNodeComponent","_value":""}},"_created_at":"1508771968625","_updated_at":"1508771968625","parser":{},"checked":true}]},"_use_only_childs":true,"_show_in_sidebar":true,"_layout":"Cards - Horizontal","_columns":"","_title":"","_image":{"_options":{"_allow_videos":false,"_allow_images":true,"_allow_documents":false},"_ngComponentName":"FileNodeComponent","_value":""}},"_created_at":"1508772002549","_updated_at":"1508772002549","parser":{}},"parser":{}}}