{"_name":"Post","_id":"7l9q45zqj94bqt92","_instance_of":"7l9q45zqj94bku8m","_type":"instance","_label":"Post","_value":[{"_name":"title","_id":"7l9q45zqj94bqt93","_instance_of":"","_type":"text","_label":"Text","_value":"Jewel Test Post","_path":[],"_default_value":null,"_can":{"_be_required":false,"_edit_value":true,"_edit":false,"_drag":false,"_delete":false,"_show":true},"_ngClass":"TextNode","_options":{"_use_textarea":false,"_additional_css_classes":""}}],"_path":[],"_default_value":null,"_can":{"_be_required":false,"_edit_value":true,"_edit":false,"_drag":false,"_delete":false,"_show":true},"_ngClass":"Cell","_options":{"_convert_array_to_keys":true,"_additional_css_classes":""},"_created_at":"1508771471638","_updated_at":"1508771949382","_generator":{"_name":"Blog","_id":"7l9q45zqj94bp2s4","_instance_of":"7l9q45zqj94bn9ud","_type":"instance","_label":"Molecule Generator","_value":[],"_path":[],"_default_value":[],"_can":{"_be_required":false,"_edit_value":true,"_edit":false,"_drag":false,"_delete":false,"_show":true},"_ngClass":"MoleculeGenerator","_options":{"_molecule_types":{"_options":{"max":-1},"_ngComponentName":"MoleculeSelect","_value":[{"_name":"Post","_id":"","_instance_of":"7l9q45zqj94bku8m","_type":"cell","_label":"Post","_value":[{"_name":"title","_id":"","_instance_of":"","_type":"text","_label":"Text","_value":"","_path":[],"_default_value":null,"_can":{"_be_required":false,"_edit_value":true,"_edit":false,"_drag":false,"_delete":false,"_show":true},"_ngClass":"TextNode","_options":{"_use_textarea":false,"_additional_css_classes":""},"parser":{}}],"_path":[],"_default_value":null,"_can":{"_be_required":false,"_edit_value":true,"_edit":false,"_drag":false,"_delete":false,"_show":true},"_ngClass":"Cell","_options":{"_convert_array_to_keys":true,"_additional_css_classes":""},"_created_at":"1508771471638","_updated_at":"1508771483286","parser":{},"checked":true}]},"_use_only_childs":true,"_show_in_sidebar":false,"_layout":"","_columns":"[{\"label\":\"Title\",\"path\":[\"_value\",{\"find\":\"_value\",\"in\":{\"_name\":\"title\"}}]}]","_title":"JEWEL","_image":{"_options":{"_allow_videos":false,"_allow_images":true,"_allow_documents":false},"_ngComponentName":"FileNodeComponent","_value":"//s3-us-west-1.amazonaws.com/assets.portaldriver.com/jewel/4195ff92b1255691aa7a4fc083bc95e3.png"}},"_created_at":"1508771585173","_updated_at":"1508771669332","_generator":{"_name":"Blogs","_id":"7l9q45zqj94bnovm","_instance_of":"","_type":"generator","_label":"Molecule Generator","_value":[{"_name":"Blog","_id":"7l9q45zqj94boh8x","_instance_of":"7l9q45zqj94bn9ud","_type":"instance","_label":"Molecule Generator","_value":[],"_path":[],"_default_value":[],"_can":{"_be_required":false,"_edit_value":true,"_edit":false,"_drag":false,"_delete":false,"_show":true},"_ngClass":"MoleculeGenerator","_options":{"_molecule_types":{"_options":{"max":-1},"_ngComponentName":"MoleculeSelect","_value":[{"_name":"Post","_id":"","_instance_of":"7l9q45zqj94bku8m","_type":"cell","_label":"Post","_value":[{"_name":"title","_id":"","_instance_of":"","_type":"text","_label":"Text","_value":"","_path":[],"_default_value":null,"_can":{"_be_required":false,"_edit_value":true,"_edit":false,"_drag":false,"_delete":false,"_show":true},"_ngClass":"TextNode","_options":{"_use_textarea":false,"_additional_css_classes":""},"parser":{}}],"_path":[],"_default_value":null,"_can":{"_be_required":false,"_edit_value":true,"_edit":false,"_drag":false,"_delete":false,"_show":true},"_ngClass":"Cell","_options":{"_convert_array_to_keys":true,"_additional_css_classes":""},"_created_at":"1508771471638","_updated_at":"1508771483286","parser":{},"checked":true}]},"_use_only_childs":true,"_show_in_sidebar":false,"_layout":"","_columns":"[{\"label\":\"Title\",\"path\":[\"_value\",{\"find\":\"_value\",\"in\":{\"_name\":\"title\"}}]}]","_title":"Hakkasan Group","_image":{"_options":{"_allow_videos":false,"_allow_images":true,"_allow_documents":false},"_ngComponentName":"FileNodeComponent","_value":"//s3-us-west-1.amazonaws.com/assets.portaldriver.com/hakkasangroup-com/aa1f1a8a1d4cfc5fde13207230066778.jpg"}},"_created_at":"1508771585173","_updated_at":"1508771641425","_generator":{"_name":"Blogs","_id":"7l9q45zqj94bnovm","_instance_of":"","_type":"generator","_label":"Molecule Generator","_value":[],"_path":[],"_default_value":[],"_can":{"_be_required":false,"_edit_value":true,"_edit":false,"_drag":false,"_delete":false,"_show":true},"_ngClass":"MoleculeGenerator","_options":{"_molecule_types":{"_options":{"max":-1},"_ngComponentName":"MoleculeSelect","_value":[{"_name":"Blog","_id":"","_instance_of":"7l9q45zqj94bn9ud","_type":"generator","_label":"Molecule Generator","_value":[],"_path":[],"_default_value":[],"_can":{"_be_required":false,"_edit_value":true,"_edit":false,"_drag":false,"_delete":false,"_show":true},"_ngClass":"MoleculeGenerator","_options":{"_molecule_types":{"_options":{"max":-1},"_ngComponentName":"MoleculeSelect","_value":[{"_name":"Post","_id":"","_instance_of":"7l9q45zqj94bku8m","_type":"cell","_label":"Post","_value":[{"_name":"title","_id":"","_instance_of":"","_type":"text","_label":"Text","_value":"","_path":[],"_default_value":null,"_can":{"_be_required":false,"_edit_value":true,"_edit":false,"_drag":false,"_delete":false,"_show":true},"_ngClass":"TextNode","_options":{"_use_textarea":false,"_additional_css_classes":""},"parser":{}}],"_path":[],"_default_value":null,"_can":{"_be_required":false,"_edit_value":true,"_edit":false,"_drag":false,"_delete":false,"_show":true},"_ngClass":"Cell","_options":{"_convert_array_to_keys":true,"_additional_css_classes":""},"_created_at":"1508771471638","_updated_at":"1508771483286","parser":{},"checked":true}]},"_use_only_childs":true,"_show_in_sidebar":false,"_layout":"","_columns":"[{\"label\":\"Title\",\"path\":[\"_value\",{\"find\":\"_value\",\"in\":{\"_name\":\"title\"}}]}]","_title":"Blog","_image":{"_options":{"_allow_videos":false,"_allow_images":true,"_allow_documents":false},"_ngComponentName":"FileNodeComponent","_value":""}},"_created_at":"1508771585173","_updated_at":"1508771585173","parser":{},"checked":true}]},"_use_only_childs":true,"_show_in_sidebar":true,"_layout":"Cards - Horizontal","_columns":"","_title":"Blogs","_image":{"_options":{"_allow_videos":false,"_allow_images":true,"_allow_documents":false},"_ngComponentName":"FileNodeComponent","_value":""}},"_created_at":"1508771604658","_updated_at":"1508771618011","parser":{}},"parser":{}}],"_path":[],"_default_value":[],"_can":{"_be_required":false,"_edit_value":true,"_edit":false,"_drag":false,"_delete":false,"_show":true},"_ngClass":"MoleculeGenerator","_options":{"_molecule_types":{"_options":{"max":-1},"_ngComponentName":"MoleculeSelect","_value":[{"_name":"Blog","_id":"","_instance_of":"7l9q45zqj94bn9ud","_type":"generator","_label":"Molecule Generator","_value":[],"_path":[],"_default_value":[],"_can":{"_be_required":false,"_edit_value":true,"_edit":false,"_drag":false,"_delete":false,"_show":true},"_ngClass":"MoleculeGenerator","_options":{"_molecule_types":{"_options":{"max":-1},"_ngComponentName":"MoleculeSelect","_value":[{"_name":"Post","_id":"","_instance_of":"7l9q45zqj94bku8m","_type":"cell","_label":"Post","_value":[{"_name":"title","_id":"","_instance_of":"","_type":"text","_label":"Text","_value":"","_path":[],"_default_value":null,"_can":{"_be_required":false,"_edit_value":true,"_edit":false,"_drag":false,"_delete":false,"_show":true},"_ngClass":"TextNode","_options":{"_use_textarea":false,"_additional_css_classes":""},"parser":{}}],"_path":[],"_default_value":null,"_can":{"_be_required":false,"_edit_value":true,"_edit":false,"_drag":false,"_delete":false,"_show":true},"_ngClass":"Cell","_options":{"_convert_array_to_keys":true,"_additional_css_classes":""},"_created_at":"1508771471638","_updated_at":"1508771483286","parser":{},"checked":true}]},"_use_only_childs":true,"_show_in_sidebar":false,"_layout":"","_columns":"[{\"label\":\"Title\",\"path\":[\"_value\",{\"find\":\"_value\",\"in\":{\"_name\":\"title\"}}]}]","_title":"Blog","_image":{"_options":{"_allow_videos":false,"_allow_images":true,"_allow_documents":false},"_ngComponentName":"FileNodeComponent","_value":""}},"_created_at":"1508771585173","_updated_at":"1508771585173","parser":{},"checked":true}]},"_use_only_childs":true,"_show_in_sidebar":true,"_layout":"Cards - Horizontal","_columns":"","_title":"Blogs","_image":{"_options":{"_allow_videos":false,"_allow_images":true,"_allow_documents":false},"_ngComponentName":"FileNodeComponent","_value":""}},"_created_at":"1508771604658","_updated_at":"1508771641429","parser":{}},"parser":{}}}