{"parser":{},"Site":[{"Page":{"title":"Home","id":"7l9q45zqj94by3v0"},"id":"7l9q45zqj94by3uz","created_at":"1508771937157","updated_at":"1508772090635"},{"Page":{"title":"About","id":"7l9q45zqj94by8yx"},"id":"7l9q45zqj94by8yw","created_at":"1508771937157","updated_at":"1508772097256"},{"Page":{"title":"Blog","id":"7l9q45zqj94bydog"},"id":"7l9q45zqj94bydof","created_at":"1508771937157","updated_at":"1508772103360"}],"id":"7l9q45zqj94bwqsa","created_at":"1508771968625","updated_at":"1508772103364"}