{"parser":{},"Blogs":[{"parser":{},"Blog":[{"Post":{"title":"Test Post 1","id":"7l9q45zqj94bqfyp"},"id":"7l9q45zqj94bqfyo","created_at":"1508771471638","updated_at":"1508771733073"},{"Post":{"title":"Test Post 2","id":"7l9q45zqj94bqknc"},"id":"7l9q45zqj94bqknb","created_at":"1508771471638","updated_at":"1508771739143"}],"id":"7l9q45zqj94boh8x","created_at":"1508771585173","updated_at":"1508771739150"},{"parser":{},"Blog":[{"Post":{"title":"Jewel Test Post","id":"7l9q45zqj94bqt93"},"id":"7l9q45zqj94bqt92","created_at":"1508771471638","updated_at":"1508771750294"}],"id":"7l9q45zqj94bp2s4","created_at":"1508771585173","updated_at":"1508771750297"},{"parser":{},"Blog":[{"Post":{"title":"The Bank Test","id":"7l9q45zqj94br1gh"},"id":"7l9q45zqj94br1gg","created_at":"1508771471638","updated_at":"1508771760928"},{"Post":{"title":"The Bank Post","id":"7l9q45zqj94br6et"},"id":"7l9q45zqj94br6es","created_at":"1508771471638","updated_at":"1508771767348"}],"id":"7l9q45zqj94bpt03","created_at":"1508771585173","updated_at":"1508771767355"}],"id":"7l9q45zqj94bnovm","created_at":"1508771604658","updated_at":"1508771767361"}