{"Categories":[{"Category":[{"name":"Venue","id":"7l9q45zqj94bt4wd"}],"id":"7l9q45zqj94bt4wc","created_at":"1508771794064","updated_at":"1508771858700"},{"Category":[{"name":"Nightclub","id":"7l9q45zqj94btba0"}],"id":"7l9q45zqj94btb9z","created_at":"1508771794064","updated_at":"1508771866968"},{"Category":[{"name":"Restaurant","id":"7l9q45zqj94btfwc"}],"id":"7l9q45zqj94btfwb","created_at":"1508771794064","updated_at":"1508771872955"},{"Category":[{"name":"Dayclub","id":"7l9q45zqj94btk2n"}],"id":"7l9q45zqj94btk2m","created_at":"1508771794064","updated_at":"1508771878366"}],"id":"7l9q45zqj94bsbta","created_at":"1508771821006","updated_at":"1508771908574"}