{"_name":"Site","_id":"7l9q45zqj94bvhpt","_instance_of":"","_type":"generator","_label":"Molecule Generator","_value":[],"_path":[],"_default_value":[],"_can":{"_be_required":false,"_edit_value":true,"_edit":false,"_drag":false,"_delete":false,"_show":true},"_ngClass":"MoleculeGenerator","_options":{"_molecule_types":{"_options":{"max":-1},"_ngComponentName":"MoleculeSelect","_value":[{"_name":"Page","_id":"","_instance_of":"7l9q45zqj94butfp","_type":"cell","_label":"Page","_value":[{"_name":"title","_id":"","_instance_of":"","_type":"text","_label":"Text","_value":"","_path":[],"_default_value":null,"_can":{"_be_required":false,"_edit_value":true,"_edit":false,"_drag":false,"_delete":false,"_show":true},"_ngClass":"TextNode","_options":{"_use_textarea":false,"_additional_css_classes":""},"parser":{}}],"_path":[],"_default_value":null,"_can":{"_be_required":false,"_edit_value":true,"_edit":false,"_drag":false,"_delete":false,"_show":true},"_ngClass":"Cell","_options":{"_convert_array_to_keys":true,"_additional_css_classes":""},"_created_at":"1508771937157","_updated_at":"1508771949353","parser":{},"checked":true}]},"_use_only_childs":true,"_show_in_sidebar":false,"_layout":"","_columns":"[{\"label\":\"Title\",\"path\":[\"_value\",{\"find\":\"_value\",\"in\":{\"_name\":\"title\"}}]}]","_title":"","_image":{"_options":{"_allow_videos":false,"_allow_images":true,"_allow_documents":false},"_ngComponentName":"FileNodeComponent","_value":""}},"_created_at":"1508771968625","_updated_at":"1508771968625"}